,mean,sd,eti89_lb,eti89_ub,ess_bulk,ess_tail,r_hat,mcse_mean,mcse_sd
v_1|pid_offset[0],-0.016589866074593198,0.9780682777631547,-1.5881330753287604,1.564191890400497,4017.772434641578,2879.378632802417,1.0003308827646817,0.015444481064886733,0.01112731751331885
v_1|pid_offset[1],-0.15325799989244315,0.9860097315782328,-1.7165663982027206,1.429861631260802,5511.470766912493,2955.088128336007,1.0018518805075614,0.013275254489178205,0.009464539960908284
v_1|pid_offset[10],0.03259651633954671,0.9954289792596048,-1.5468507961848985,1.6257224451420458,5104.969771900997,3120.9350354220473,1.000223363040023,0.013934732591186362,0.009917435128275595
v_1|pid_offset[100],0.22211143666327288,0.9944875980391163,-1.4033287481487022,1.7763151526952146,4457.456318221149,2917.4820423098145,1.0004743847600674,0.014920564363534708,0.010191484855762179
v_1|pid_offset[101],-0.029414419433761586,0.9438279004111029,-1.535575858219251,1.4574908409192526,4530.662456182149,2920.8879066711474,0.999734173984375,0.01401204837472899,0.01000367532115639
v_1|pid_offset[102],0.3621724675836002,1.0312151364285735,-1.2855987945295062,2.0515065556563594,3270.523734754393,2686.0655265566156,1.0018650850200734,0.01802479592175487,0.01229640447288223
v_1|pid_offset[103],-0.2657503008621021,1.0184778529804885,-1.879196871741235,1.3681313333434777,3072.9440111437166,2834.8316476533587,1.0008192329809076,0.018351641519327767,0.012873711971883875
v_1|pid_offset[104],-0.024012861768693612,0.9708062191269005,-1.5910880321911174,1.4803652973018329,4802.418876011991,3098.0001762061033,1.000704956514563,0.013941794807005185,0.010069733665028524
v_1|pid_offset[105],0.0834932410198031,0.9772940261543546,-1.4657568917538348,1.6334580601567295,4478.403224427772,3124.6878156064354,1.0008483939988462,0.014576987244817603,0.010502793316142145
v_1|pid_offset[106],0.12122407343718433,1.0008091568788704,-1.5297934585086699,1.7064016930802857,4651.643190902369,3069.9020842805166,1.0015579949724236,0.014655084319099362,0.010246314568173138
v_1|pid_offset[107],0.10329313825424007,0.9856957241131887,-1.477630025117512,1.6818240481743119,3800.1523658415467,2841.752937798467,1.00024265439409,0.016008758737213732,0.01132206911537287
v_1|pid_offset[108],-0.13598993371878249,0.9766988164214264,-1.6786789591094207,1.4524210903972665,4513.383947046042,2736.531745652132,1.0075728681370744,0.014566081739476192,0.010680310878606733
v_1|pid_offset[109],-0.015122637117218648,0.9883156642931098,-1.5869069433428082,1.5070216297690662,4329.283694331993,3043.1957222006445,1.0020658956934574,0.015004452957613419,0.010690739525906061
v_1|pid_offset[11],0.3342301965587792,1.020136620795424,-1.32280685716224,1.9398606164477188,3913.2003155778602,3043.2394215474264,1.0006844022696677,0.016279703871474697,0.011407439722929874
v_1|pid_offset[110],-0.046376993971408494,0.9688805823308062,-1.5967256803477772,1.5137987143536886,4767.348270729202,2965.7121357860347,1.002691906771023,0.014035558197244728,0.009995172462999276
v_1|pid_offset[111],0.06598820423936345,0.9931963049630909,-1.5565770671521786,1.6085636497167184,4412.124866822709,3044.61321402968,1.0008758440263503,0.01498869345044452,0.010682063489429803
v_1|pid_offset[112],0.12118674987502942,0.9890132890751057,-1.43896738432797,1.7262910037171397,4590.347738362659,3030.8145813464475,1.0001110313917132,0.014653012237490722,0.010674456265315
v_1|pid_offset[113],-0.054330208120406995,0.9927005621381801,-1.6170508260958947,1.4767080398280756,4822.476037955259,3068.7517403242045,0.9997010558041585,0.014309864359189987,0.010085424470156772
v_1|pid_offset[114],-0.12263187044649417,0.9807773314305707,-1.6960356935786265,1.4477422818523547,4257.348781731219,2386.9808728244147,1.0063167519086476,0.015010910496577313,0.01078116876542312
v_1|pid_offset[115],-0.10265037523849302,0.9680179551441963,-1.617579155166949,1.4827755102338758,4313.0681321405655,2954.850147304214,1.0010008992921513,0.01469625720236427,0.010460850956427284
v_1|pid_offset[116],0.1888926761075693,0.9749985003408955,-1.349167290843921,1.7330112280975372,4455.687436546283,2767.7170448453207,0.9998809437301442,0.014623544127277097,0.010486201789218517
v_1|pid_offset[117],-0.1996392810059191,0.9760093751141943,-1.7444051831983567,1.3338449768388014,4903.212635213225,2740.0705262600673,0.9999629731277773,0.013955577144882648,0.010050780685839757
v_1|pid_offset[118],-0.21005272962046348,1.0254110655393003,-1.8566237175155154,1.4242699825106913,4464.630001404436,2376.7055891145965,1.00036453341722,0.015369737699815757,0.011042104344062068
v_1|pid_offset[119],-0.052452506055191354,0.9836326317289171,-1.640403835931848,1.5585626052744541,5460.900936146472,2802.423787631129,1.0015865859919018,0.013299551744907937,0.009185103727667662
v_1|pid_offset[12],-0.1400474458230461,0.9639793292917633,-1.6813824300391615,1.4017182312489087,4313.992889556809,3139.7292439099724,1.000982673932426,0.014668497187562262,0.010432810027848556
v_1|pid_offset[120],0.008680872539145948,0.9612578609219731,-1.5398002150769066,1.5481151644316062,5021.530026249673,3267.019366089287,1.000406614619916,0.01357958221821588,0.009627946618828997
v_1|pid_offset[121],-0.11739433661497609,0.9660377845486565,-1.6485881783807674,1.3720130888656377,4053.4075629255967,2870.219206329515,1.0007930119412536,0.015156362272019372,0.010315250036155231
v_1|pid_offset[122],-0.058743723951663336,0.9786431606420566,-1.6432305103042033,1.5185975783024468,4351.921080268378,2926.824374734691,1.00171856136974,0.014872856397308823,0.01014954500415901
v_1|pid_offset[123],-0.16981285043162714,0.9896463082403513,-1.742741970271364,1.4315067507077768,3410.202694739849,3052.5423766262115,1.0003650544067855,0.016913322150017562,0.011917252155138943
v_1|pid_offset[124],-0.027716169861185316,0.9779748957440314,-1.5788013304619306,1.5152003595710684,4869.629587917139,2892.4240566575922,1.0018776427665668,0.014018992063631263,0.010133108097941096
v_1|pid_offset[125],0.12254827879007328,0.9520687753385484,-1.4028061024407983,1.6292310674923944,4204.016325805946,2811.143006861231,1.000912251026426,0.014702402026308802,0.010117615238745468
v_1|pid_offset[126],-0.08529143052905819,0.9516834350439711,-1.6015415708387357,1.4238623534058026,4946.277005288114,3261.241192642834,1.0028220782291453,0.013544383047887779,0.009936435556948502
v_1|pid_offset[127],0.04616333231795342,0.9999684053516326,-1.5444805841800104,1.6182594883985666,5013.169538142905,2896.2245401930377,1.0002247743464316,0.01418467620057159,0.0100485511287214
v_1|pid_offset[128],0.11643167136987387,0.9998260794285057,-1.4627802244115284,1.7027857993415936,4137.19192751291,2961.577268389258,0.999618268248536,0.015544101498705727,0.010798926871020856
v_1|pid_offset[129],-0.19401605923949392,1.011087203652631,-1.7753050190261594,1.4498781082464174,4282.128448548546,2829.7601545709995,1.0005251909650477,0.01544055171606441,0.01052700877556914
v_1|pid_offset[13],0.23225080601570436,0.9887206515477328,-1.3810331242967409,1.7894739504969388,3889.7151047656525,2981.0284275213353,1.000155802197087,0.015860022238173455,0.011241998117336591
v_1|pid_offset[130],-0.03040989770689335,1.0094129916011727,-1.6404623688568774,1.6150214823358833,4555.822073193866,2823.9229717517887,1.0008270044180176,0.014972352860352532,0.010304112828395289
v_1|pid_offset[131],-0.06318050115230898,0.985284557889171,-1.6363803809969002,1.5438844830924405,3162.5686907564304,2463.954626933093,1.0009061640161572,0.017609500053463834,0.012645981436596251
v_1|pid_offset[132],0.010877120716696689,0.9992354230382079,-1.5736666563258022,1.6105590334767772,4826.309289131046,3058.2631733629837,1.0019476052394722,0.014382926925312811,0.010035787954915333
v_1|pid_offset[133],-0.1786914431878527,1.0019217085730594,-1.752062526767769,1.4118100023229885,4166.493185946285,3392.9788640871843,1.0017850858871264,0.015549160960567075,0.01114009100054238
v_1|pid_offset[134],0.28216181440721927,1.0118130671518644,-1.3353044247980148,1.901560143391609,4165.9784637469975,2994.6584932907435,1.0008705753730494,0.015737480593099394,0.011462388231785619
v_1|pid_offset[135],-0.11622672297349027,1.005834796501955,-1.7384454467769346,1.4866379809143333,4770.632923304148,2950.989169826684,1.001919358299,0.014615636097024981,0.010487706529728368
v_1|pid_offset[136],0.09117988356950978,0.9823315984742994,-1.4417353363541447,1.6617894385171164,3777.2699103964264,2651.7431632383978,1.0008361700616233,0.01598969406267043,0.010925033778703463
v_1|pid_offset[137],0.031957818840892264,0.9786990541635041,-1.5234596295848923,1.593130111938217,5645.608580061707,2962.3859840906357,1.0013470571706984,0.013044198992648467,0.009235042231447683
v_1|pid_offset[138],-0.04296222355313698,0.9899763850410767,-1.6413513887100262,1.549059416329577,4712.7311613586235,2829.038116515675,0.9996307309147665,0.014418915981365228,0.010009887937901632
v_1|pid_offset[139],-0.11541795781748454,0.9711864911582682,-1.6344408292277792,1.4125215954524035,4589.147395052574,2909.3965310613603,0.9998645440971463,0.014387439505152661,0.010537976546027759
v_1|pid_offset[14],-0.07009929224795403,0.9913561717634931,-1.6648056505174778,1.5404196641943215,3579.4437847090435,2558.1643977783474,1.00001793534672,0.01654385675730047,0.011633917200679847
v_1|pid_offset[140],-0.16790953967980873,1.0040954248210245,-1.7914759788243817,1.4398620809574183,4083.8992452763973,2814.428566800739,1.0026339833681719,0.015723921919282055,0.011333609351509183
v_1|pid_offset[141],-0.004167881129857729,0.9862046054158194,-1.5818962189675423,1.5634696837390902,4556.5025795359315,2864.0379540073545,1.0008770310343194,0.014599381462338737,0.010035813268386335
v_1|pid_offset[142],-0.0844718575000639,0.9957516039083306,-1.6516441305945595,1.5034770498695609,4756.873020295521,3085.68198281862,1.0011087728548234,0.014482568591324258,0.009886774689272099
v_1|pid_offset[143],-0.05595269622104813,1.012516764149831,-1.6740660068260036,1.5579114557214897,4615.710062047545,2883.5449937253284,1.000111617320298,0.014905789979179383,0.011053655914285402
v_1|pid_offset[144],-0.13763492063362104,1.036239683914871,-1.7929200608583826,1.508822368645988,5620.40566932176,3024.6034441894963,1.0036907764090135,0.013811597663647524,0.00987657788553995
v_1|pid_offset[145],-0.20346027910208925,0.9996424545671768,-1.8439697908894368,1.3430136140109494,3772.025578588316,2473.3970027218215,1.001853206717606,0.016350279626607275,0.01251593945508195
v_1|pid_offset[146],-0.13879366130016174,0.9962464241520662,-1.7159719689195,1.4802049827060941,4438.55814174678,3022.4479660276484,1.0001457964345981,0.014952859283778853,0.010580893192236953
v_1|pid_offset[147],0.003178463654492514,0.9564166550904015,-1.5366516311799452,1.5220848420780801,4747.12197595358,3170.8446534641653,1.0022010138569029,0.013931069874888615,0.010106891901537875
v_1|pid_offset[148],0.05611602991996421,1.0147818164768116,-1.5974764259125103,1.6327875424840053,4563.586109772319,3064.7865599761576,1.0002857768471967,0.015084447046330962,0.010702202621602689
v_1|pid_offset[149],-0.2314406896303376,0.9800299464108829,-1.773251735255583,1.311951571633721,4411.137931890668,2988.887331972187,1.0009152143371685,0.014731294558229876,0.010209076210830002
v_1|pid_offset[15],-0.04498610175887347,0.9518409243156893,-1.535576986714116,1.454766408950262,4041.415977781161,2732.926942493651,1.0005207729418866,0.014986295241580214,0.010877188528459855
v_1|pid_offset[150],0.05600190458358034,0.9890392576214905,-1.488305763751394,1.6594140537111177,4452.31073820888,2663.0804374817335,1.0014339328262567,0.014836935207670817,0.010392030474075262
v_1|pid_offset[151],0.12506570138590836,0.9929477980102545,-1.4513204398557022,1.7336892897092688,4166.376466360944,2567.9461640795457,1.002241583075038,0.015440010572285303,0.011341448475753612
v_1|pid_offset[152],0.11169800515469658,1.0007214868275154,-1.4682764906038415,1.7101982157829545,4297.591685512398,3167.5169999060677,1.0047897955209475,0.015302154975673443,0.01090702026249983
v_1|pid_offset[153],0.01986645234626931,0.9785203136796596,-1.5241754738588265,1.6387137845644144,4280.058226313832,3030.829365280061,1.000336359514337,0.014995294403417823,0.010541810085671448
v_1|pid_offset[154],-0.2573484009859158,1.001297182722426,-1.8277054239991448,1.3438260629445518,3888.199616031788,2426.5036240823897,1.00077445295024,0.016038633478591295,0.011193630503044952
v_1|pid_offset[155],0.05321923203912102,1.0020232703717307,-1.5295011431889636,1.6243433198184833,5029.348119892055,3006.526238968136,1.001146346849653,0.014146108888648729,0.009578465462234436
v_1|pid_offset[156],0.15593318410394472,1.000467333377429,-1.425224314740298,1.7207465172216216,4125.454105494327,2958.59520988018,1.0023211645954,0.015593811711465814,0.01054162807157708
v_1|pid_offset[157],-0.04434151089759032,0.9898553523454018,-1.5652665228751392,1.5129370423529866,4134.413636386188,2946.2041238904176,1.0000724960085867,0.015392431244442948,0.010980724739931981
v_1|pid_offset[158],0.1232743533227326,0.9957479832371076,-1.435271038087615,1.7082520842908726,4891.608772892021,3304.7450606202365,1.0004491246416782,0.014239952200223433,0.0102601776630169
v_1|pid_offset[159],-0.21710994068086495,1.0091712867677889,-1.8305477708509166,1.4131532939353644,4963.415524942332,2820.515191045617,1.0001458144491968,0.014289091851200156,0.009993045263355862
v_1|pid_offset[16],-0.22179720213664786,0.9540314876107256,-1.742432548239361,1.2850030717306344,3761.723909902924,2924.4945428766814,1.0007306424070292,0.015534195320390435,0.011094289932566354
v_1|pid_offset[160],-0.05445284504199803,0.9894153031740051,-1.6186291008893134,1.5123664156560634,4089.9306124195364,3062.222956826592,1.0019179208149955,0.015496282443430298,0.010881726482406196
v_1|pid_offset[161],0.13015653006903916,1.018474398466279,-1.5065224434660305,1.7999737536220592,4721.023805391504,3096.36617277627,1.0004709851870133,0.014817995210225239,0.010589824342481336
v_1|pid_offset[162],0.11911039109331131,0.973159878535429,-1.4309312404356789,1.7003037943939605,5004.93932179242,3030.6047174939135,1.000867708149306,0.013761124888553546,0.00982800857491912
v_1|pid_offset[163],0.1373272465376568,0.9566643196322647,-1.351727066545725,1.6827428617527427,4417.781895646805,2971.3140753913126,1.0004223703829462,0.01437658954922157,0.010804526057274992
v_1|pid_offset[164],-0.026774044744951257,0.9829277055762523,-1.5872904937381482,1.5450324268696705,4953.256193022945,3075.723052842309,1.002573844941294,0.013949339114686252,0.01012554919478459
v_1|pid_offset[165],-0.13766268889978,1.009728311143887,-1.7438207744614267,1.5374304616568362,4995.8136333754655,2987.8405999146903,1.0019424273995647,0.014278808326955517,0.009780159283558666
v_1|pid_offset[166],-0.060317857259073834,0.9903485936111195,-1.6485905631434143,1.5584608371151325,4239.044654113306,3232.894314334199,1.001271143070144,0.015233692414558398,0.010599893962377907
v_1|pid_offset[167],-0.1136740362806486,0.9561774562971723,-1.6651086331972618,1.40339650768249,4671.791974347412,3163.1879221732597,0.9999838353456252,0.013989927735821375,0.009819227899936904
v_1|pid_offset[168],-0.1345081712451581,0.9913137271331234,-1.7213795438617132,1.4414526528187566,3546.054684485403,2877.4804155409943,1.0011643791000586,0.016613044482115265,0.011586104998144699
v_1|pid_offset[169],0.039626594138852146,1.003364261739414,-1.5920866543429857,1.6541812390319335,5295.446576330279,2912.1859344764835,1.0015357570194228,0.013774876731827255,0.009869609572962451
v_1|pid_offset[17],-0.17408187901096414,1.0064760225256006,-1.8168348719441496,1.4268313919612738,5300.4865838972955,3123.395859112703,1.0003639737890717,0.01378328067491139,0.009735418579865946
v_1|pid_offset[170],-0.14418792081732998,1.0141329261156748,-1.7539640615287162,1.5171490655486664,4285.301629603088,2918.520751506532,1.0012448898755717,0.01549888274728236,0.010818597462702289
v_1|pid_offset[171],-0.047119149367244643,0.9522286673277834,-1.5580397198297768,1.4525015346397492,4295.911025370312,3221.4566297860574,0.9999086002933618,0.0145543555120779,0.00997554462697115
v_1|pid_offset[172],0.0587020155760034,0.9593637446812238,-1.4957689256887827,1.6007363652296185,3739.2013430529937,2893.6364205714294,1.0004335703257583,0.015724349391281447,0.010831370528581099
v_1|pid_offset[173],0.11832955584492286,1.004946695532955,-1.4740544534295472,1.7027213961775507,4038.843402614079,2810.337244003967,1.0008715734782219,0.01578609339520485,0.011617314758999032
v_1|pid_offset[174],-0.033442251149587286,0.9645449037689913,-1.6037326112958439,1.4958339221171393,4507.354056308131,2700.3206087477124,1.0003521473543977,0.014378709941492783,0.010539796183109714
v_1|pid_offset[175],-0.15534368366652032,0.9874709404589853,-1.726039159036039,1.4597550252481608,3957.732154802148,2739.4591280779487,1.0002793458126027,0.015709882244028323,0.011242301853357882
v_1|pid_offset[176],0.14265127137492264,1.0226962292874138,-1.492223661545157,1.754838107262499,4439.417691667675,2602.2165152407874,1.0007795214465331,0.015304437220408676,0.010729071342826671
v_1|pid_offset[177],-0.11767467261342003,0.9813461659089973,-1.6650068423694009,1.448072627818996,4406.766728964189,2843.400891866457,1.0010377412190503,0.014828713520148052,0.010477101658975104
v_1|pid_offset[178],-0.18394106604422114,1.0118066302976003,-1.763840631521282,1.4585762214851647,5092.993102057961,3004.9356707364136,1.0031940086151072,0.014197714951374703,0.010020567761491852
v_1|pid_offset[179],-0.13428806744007227,1.0094937694613018,-1.761189235919936,1.4635293981229753,4184.330658841294,2783.409327718136,1.0016547942856584,0.015585817056101889,0.010862307228342687
v_1|pid_offset[18],0.10287246504966137,0.9910168058241252,-1.5136895361765355,1.6937901297167175,4825.049390238881,2752.929731531395,1.0014137909004115,0.014238011618831276,0.009791773758117942
v_1|pid_offset[180],0.1898399843816706,0.9972999557886011,-1.3988190793801887,1.7871919802574985,3699.710886418559,2890.5737870929006,1.001947953563803,0.016393738732165052,0.011234731213998699
v_1|pid_offset[181],-0.004723972765193674,1.0056546694757877,-1.6012701122952782,1.6060390924021082,5691.902754109356,2806.2934681270726,1.0011268395988928,0.01330299909045836,0.009425055117951909
v_1|pid_offset[182],-0.022633028740804147,0.9891764692456343,-1.5836909552836809,1.5448644304004424,4408.505835321407,2920.2178334032537,1.001227501751316,0.014864771936182864,0.010366684228905142
v_1|pid_offset[183],0.20890212403186637,1.0118624998108596,-1.4245669157830985,1.8363622030394129,4686.713499241336,3151.1338028103696,1.0007684633167004,0.014797386658909424,0.010208837412662224
v_1|pid_offset[184],0.07241909444302877,0.9918112876504952,-1.5407224177239023,1.6042157441331613,3909.0682195464697,2962.493898181151,1.0027690828121518,0.015861955961627976,0.011010784203546186
v_1|pid_offset[185],0.06480894667374372,0.9931541769583213,-1.5046240095133372,1.6254515771497964,4586.715080358595,3199.711560029869,1.0040513538627207,0.014694186406777044,0.010202914184442165
v_1|pid_offset[186],-0.03535675218889326,0.9834984586871537,-1.581048271170957,1.5723879314741056,4563.641377370704,2971.5462214538834,1.0004589794460859,0.014581865396542553,0.01022042640478367
v_1|pid_offset[187],-0.1396101197794023,0.9808381115007783,-1.7096795048077225,1.4783934761007547,4516.804234775785,3145.560305553404,1.0005567783819478,0.014568371646699954,0.01032927498739808
v_1|pid_offset[188],-0.05256054071211235,0.9727881385406745,-1.6253740280277058,1.4895413331192642,4246.210193108084,2820.0451416025717,1.0004889451029313,0.014943328283767083,0.01083402690399573
v_1|pid_offset[189],-0.14170432971356922,0.9956395986778139,-1.6975758459241266,1.4276310397673913,3810.5287461907355,2889.338992970931,0.9997700441260815,0.016106018850308743,0.011486872624739701
v_1|pid_offset[19],0.02928370427546416,0.961807000526269,-1.5291431221820724,1.5826786540627562,5324.255626804628,3324.8192499657544,1.0002609278710382,0.013167174183860058,0.009525425116692356
v_1|pid_offset[190],0.0013023358439009387,0.9930291536162494,-1.6276883469043195,1.5723126402636343,5482.143961153638,2931.5986751061514,1.0007268848353759,0.013406754977148497,0.009071610555660862
v_1|pid_offset[191],-0.021354108118194673,0.9957094999218772,-1.620493000596093,1.5631698847527864,4538.241659660942,3182.1994593474224,1.0001713305607165,0.014765557469908994,0.01083630431734017
v_1|pid_offset[192],-0.13082872956116598,1.0040037778418103,-1.7377853959769078,1.4631041773777624,4753.94312019296,2886.9322178918023,1.0007014225187514,0.014581072265957848,0.010332258645471045
v_1|pid_offset[193],0.22594392629276322,0.9940697058699735,-1.3841893739133715,1.8057574824014129,4160.767861292318,2955.079315581081,1.0013223636039086,0.015407492926413848,0.01110498624588934
v_1|pid_offset[194],-0.013273136878725698,0.9577289898188343,-1.5602501213163469,1.5345267604731856,4477.90271820793,2906.414477969737,1.0004093471301814,0.014274310607519599,0.01053490856358585
v_1|pid_offset[195],-0.07593529630827374,0.989444373690492,-1.6615016058251375,1.515072370307911,4855.626733790089,3081.7821378027634,1.0001922976567827,0.014211862001096065,0.0096552715194808
v_1|pid_offset[196],-0.0620614894974245,0.9839141936578277,-1.6393625455944656,1.5322947023260034,4636.70494790023,3206.1496535029523,1.000007775429223,0.014454199473656363,0.00953391819475365
v_1|pid_offset[197],0.07958965289746618,0.992478457516596,-1.538141915537345,1.7039907429997732,5039.343730725332,2796.3699300151493,1.0009593926645344,0.013986641385934726,0.009744439971837174
v_1|pid_offset[198],-0.07349114469140994,1.0051489267217446,-1.7005962277342699,1.52576611319178,4726.792548987318,2841.5653774919206,1.0004459363048608,0.014624404252426523,0.010438590276366393
v_1|pid_offset[199],-0.14365283677392662,0.988921492994892,-1.715174798516146,1.4345696061192703,4735.362185651638,2618.3394261047524,1.0019939844618877,0.014356900091484376,0.009962596267986427
v_1|pid_offset[2],-0.10105494504306248,0.9878349194031437,-1.6832543461972647,1.4743664210938687,4640.6939254225845,2936.506793370975,1.0004476239934292,0.014512381104217315,0.01035271827833911
v_1|pid_offset[20],-0.18718641466938604,1.0010788513659674,-1.8040245398101022,1.43017499160623,3750.0112283038343,2941.1414026524394,0.999871028773346,0.016334224295514642,0.011903614704759391
v_1|pid_offset[21],-0.19372489083427177,0.979162898046022,-1.6922644937292388,1.3811502418642765,4315.442614587034,2950.8346224316115,1.0008783104836207,0.014870964637239192,0.010753874228833633
v_1|pid_offset[22],-0.056469035919265526,0.9872921671970736,-1.6331852548567716,1.5197186797306752,5957.0334499153905,2916.708006260774,1.001008658859845,0.012797681850721835,0.00892101957803483
v_1|pid_offset[23],0.18747497231850405,0.961035604080037,-1.3796774538254009,1.718026851360705,5134.582800471094,3215.5311712123007,1.0021694694633625,0.013408963066117455,0.009164742375376013
v_1|pid_offset[24],0.14538902083195454,0.9743893059889677,-1.39114202586501,1.7182690352227372,3955.149910551541,3055.8882261045505,1.0023474003238158,0.01548333022224846,0.011503214309781701
v_1|pid_offset[25],-0.12923804497871783,0.9657415607252428,-1.6295742497762724,1.4177166288317047,5256.493642068914,3244.558719928804,1.0018543185886426,0.013340008490522947,0.009518382585765097
v_1|pid_offset[26],0.04427427995047884,0.94028504794913,-1.4876456108307226,1.564275935667304,4871.742604690666,3051.502968659134,1.0012916243614607,0.013492770766287354,0.00937573347330654
v_1|pid_offset[27],0.03305621601729367,0.9707739443314969,-1.5132287161825961,1.5625567541252436,4505.151763270216,3061.630901161352,1.000012490946278,0.01447518615714336,0.010029257173353635
v_1|pid_offset[28],-0.09238124410025324,1.003086803147093,-1.6781097132963536,1.5054292989935985,3723.698296824537,2675.9567556500206,1.0000339041086763,0.016436906485001568,0.011295340578115614
v_1|pid_offset[29],-0.17373678860074324,1.0133557851913615,-1.7752733855230742,1.4431102935105629,5176.385011711727,3056.383404742271,1.0010695610801839,0.01408824572246867,0.009895379470550338
v_1|pid_offset[3],-0.12560365356433453,0.970427507633446,-1.6720237436657568,1.422295023121911,5464.015310279098,2732.3362472251188,0.9998622139553283,0.013116165672358043,0.009584065502533488
v_1|pid_offset[30],0.08931679288322555,1.0109836061161104,-1.5384682208599043,1.7276584023032129,5160.314573045111,2807.0090237316476,1.0006136226141842,0.01407971658375338,0.00997820868772296
v_1|pid_offset[31],-0.008040983383765792,1.0174312468139486,-1.685024308704271,1.6161308119247997,4592.644519736682,2863.1860761916037,0.9993844266920315,0.015048562022757554,0.010450170153996203
v_1|pid_offset[32],0.25025945213000267,1.0162731490457009,-1.3740747304871244,1.9064427392236878,3864.0878953658917,2967.0871183552995,1.0012650307994828,0.016353100275975536,0.011451931955293869
v_1|pid_offset[33],-0.15162862036483957,0.971531232054825,-1.6849987104975124,1.4034440070447471,3993.8416759196202,2885.7039067184855,1.0004807838178589,0.015383192445775653,0.011045210683610335
v_1|pid_offset[34],0.04420449422681514,0.9874072000227193,-1.5326084416982406,1.614089300393016,4472.770079191887,2874.4833047946518,0.9998623834273538,0.014766990157116293,0.010465781521307584
v_1|pid_offset[35],-0.03830039940866895,0.9779390778186181,-1.5957350754497748,1.5662917463843242,4979.571793319834,2611.793968660963,1.000229496222028,0.013884095055771784,0.009498050954295388
v_1|pid_offset[36],-0.053066091130939,0.9940978819709463,-1.6613920118816004,1.559373145210857,5307.017163023506,3171.3421278813903,1.0013801444714163,0.013610247939766106,0.00912974504914712
v_1|pid_offset[37],0.10580646808954929,1.0099104844903488,-1.5115641943747364,1.7286184311225303,4694.601534748946,2899.4626159528234,1.0045683682582838,0.01475026965214425,0.010506153064701802
v_1|pid_offset[38],-0.07681529578999505,0.9830162453603518,-1.6625808294300854,1.5033961033735188,4568.90822051629,2781.9048915074077,1.000639257076758,0.014520153167704416,0.009976389081236589
v_1|pid_offset[39],-0.04252395569838261,1.0205348183048073,-1.6803665311252138,1.599666887631274,5144.2167646769385,3084.574498492924,1.0012292007403878,0.014249901665052307,0.009568780012384613
v_1|pid_offset[4],-0.18319373695983363,1.0280318506954693,-1.808580843014767,1.441977352975039,4440.974021519448,2712.656873921069,1.0015874697009057,0.015385096455005846,0.010674060765169606
v_1|pid_offset[40],0.2959372478884521,1.024066075376417,-1.3281638473168862,1.9237949249889963,4111.153217672559,2965.945024745068,1.0009708765985432,0.015974759662640923,0.011194574287093119
v_1|pid_offset[41],-0.04233322688601497,0.9766593304074981,-1.6381664638072548,1.5112154649665877,4559.345340456617,3069.9409983443147,0.9999345216710191,0.01444680697963613,0.009938302169401626
v_1|pid_offset[42],-0.13015039067464673,0.977306678507342,-1.686251232662753,1.4527679518980972,4383.2692025026745,3000.7286504083017,1.0003803299362974,0.01478324243406205,0.010459126644667424
v_1|pid_offset[43],-0.09206159797104373,0.9734880254265244,-1.6256696084197544,1.4450119185258028,4423.2898072503085,3058.015786635437,1.0011239081240748,0.014646958263149382,0.010673310067755314
v_1|pid_offset[44],-0.040309599009996776,0.9655497468380726,-1.5801425718745623,1.5690372512776047,3718.2744424659945,3072.0927376803593,0.9999245324769938,0.01585539122495358,0.010805241210212488
v_1|pid_offset[45],0.2870137850531113,1.0173993783308444,-1.3496778200573096,1.8609863809461107,3256.0498474367323,2844.2675325622463,1.0007061568470117,0.017892562111292778,0.012735890631909885
v_1|pid_offset[46],-0.04265061817633381,0.9754444035202829,-1.625950006115263,1.4942010967830053,4895.941845279555,2667.956881701603,1.0011759342540514,0.013934834738372082,0.009945665862009673
v_1|pid_offset[47],0.05740875593133867,0.9888793549713064,-1.4809412513809928,1.6679589054562292,3785.721731998335,3130.4322530782197,1.0021857064019148,0.016046309986902572,0.011372844487335373
v_1|pid_offset[48],-0.020984801806384547,0.9564016492076362,-1.5143486522376093,1.5291321437784944,4387.143960062828,2946.7758688113536,0.9999553315138037,0.014446559310241237,0.010265082340803696
v_1|pid_offset[49],-0.10773357234812288,0.9719910128318044,-1.658971786859554,1.4399076665875508,4643.95966710894,3151.2489130134877,1.000362038879276,0.014278169038577392,0.010485147577685719
v_1|pid_offset[5],-0.14418819259343046,0.9839361812908884,-1.68536030594505,1.4423209021038665,4454.650037842523,3157.720851671327,0.9995975426988027,0.014751051283064743,0.010446016811497618
v_1|pid_offset[50],-0.05931015034728616,1.0003349528129575,-1.6538718905349616,1.5156641430298055,4655.7253867147265,2748.0590630543843,1.0015299653669347,0.014673872264881553,0.010755514412680288
v_1|pid_offset[51],-0.2256796716220127,0.9864328641800226,-1.7778818397054432,1.3288339376197151,4668.471945559327,2859.015803502631,1.0015945656459642,0.014446554348739012,0.010028758966518522
v_1|pid_offset[52],-0.11307864473895393,0.9861375200383087,-1.6742866406537809,1.4784865769149063,3934.1033909175485,2806.098552446669,1.0038522072275213,0.015732980651737005,0.010841700955093958
v_1|pid_offset[53],-0.06808743620301311,1.0330546874384379,-1.697674242133143,1.5607959073831488,4560.869790156005,2907.6371334005025,1.0000872585943374,0.01530849016240208,0.011061435342382171
v_1|pid_offset[54],-0.18743118505195322,0.9940898066203671,-1.7462443185844785,1.407186139372716,3797.525709417024,2839.308498713172,1.0020200890105273,0.016161831993507562,0.01111905970971578
v_1|pid_offset[55],-0.09575997385026812,0.9886374461311671,-1.6820608109004278,1.4973640435758457,4957.565389001843,2973.094149607081,1.0008648732630347,0.01405710844731361,0.009531048453088952
v_1|pid_offset[56],-0.1917765643142203,1.0007251777620747,-1.778887851086064,1.3939328724326687,4098.548490487783,2752.515191604687,1.0003154863326704,0.01568088798081451,0.011387293868744033
v_1|pid_offset[57],-0.0927363081945212,0.9948954182695455,-1.6418263279380791,1.5107921809788365,3943.570048545193,2723.033157397444,1.0011553298754252,0.01590484476177994,0.011967362831321009
v_1|pid_offset[58],-0.020942213856491063,0.9928626612818738,-1.5642602423935592,1.54864279769004,5464.874341305027,3147.283927930033,1.0002438661217972,0.013381638164778567,0.009707634004986015
v_1|pid_offset[59],-0.002613134888161321,0.9487575681101401,-1.5589105313394898,1.5322674035296104,3964.2152571306697,3211.1173464454864,1.0004909807294406,0.015065434644936922,0.010547393238512807
v_1|pid_offset[6],-0.03365331155241279,0.9724289238438691,-1.5795985436930866,1.534197540587184,4917.316123177123,2839.120640765923,0.999515258930616,0.013859905916936486,0.009954847373584302
v_1|pid_offset[60],0.0851222583469262,1.0245287083736667,-1.5717826037270684,1.7092398342737196,4425.287359112007,2972.5624416610135,1.0013980356906438,0.015394859478865826,0.010680471899730053
v_1|pid_offset[61],-0.07817716226634037,1.0033482791801704,-1.6802138606158974,1.5206368898218483,4450.827349813932,3248.4868811864944,1.001694067823125,0.015034711079464275,0.010630492795970274
v_1|pid_offset[62],-0.10460735770117466,0.9864327696084229,-1.703804433442201,1.479525785356744,5072.722903468565,2961.4916951637515,1.0007552757389844,0.013823077874506193,0.009704024657739521
v_1|pid_offset[63],-0.12405916292908364,0.97468861070298,-1.6772613675806336,1.4554793751822581,4286.787569046291,3124.3012752667137,1.0009870998665031,0.014884313431107136,0.010370183663727568
v_1|pid_offset[64],0.04238276674482833,0.9557503444323834,-1.478842757532278,1.5663395239809206,4846.210600218179,2961.641690495532,1.001628856290662,0.013726535467903414,0.00967261756475791
v_1|pid_offset[65],-0.0434727377238534,0.9931101935611503,-1.6337166996401014,1.529498325973203,5100.9376034993875,2839.5748967949044,1.001463989379151,0.013928260807212087,0.009600196202899754
v_1|pid_offset[66],-0.13405426075923402,0.9950141386749118,-1.752942373924416,1.4711700610665934,5920.122417638611,3307.2404949672336,1.0004727779537617,0.01293984179449185,0.00909376075330092
v_1|pid_offset[67],-0.07215884126295288,0.9653561026602572,-1.5943160482284728,1.4753732450066013,4564.036502971438,3130.393033279653,1.0003178968793818,0.01438710963962398,0.010261479507222402
v_1|pid_offset[68],-0.11250836413816091,1.0026853807952143,-1.7022327142740326,1.4753527682534118,4916.465045171508,2885.2161770540356,1.0024070785248935,0.014298137755262176,0.010077020482147665
v_1|pid_offset[69],0.16773264033393173,1.0084277839661286,-1.423852466394297,1.8256731568209654,4073.0759169323815,2518.488252443898,1.0018265357647589,0.015870231714444176,0.011140899979276982
v_1|pid_offset[7],0.08531414583264324,0.9951673601766285,-1.473847455257703,1.698187743936309,4454.066633211475,3191.4700978017913,0.9994885339085907,0.014889666688969834,0.010367158276123428
v_1|pid_offset[70],0.05687599447834473,0.9859683648284037,-1.504805482329168,1.6202931435936703,5295.563073578581,2958.673232039657,1.0004225421018327,0.013514305264737368,0.010047364781045943
v_1|pid_offset[71],-0.08849853141482171,0.988418720362726,-1.6865378677489145,1.4692953749640156,4782.790672695599,3046.3082991200504,1.0007740863667436,0.01430815233156802,0.009921465795244937
v_1|pid_offset[72],-0.16596560001264354,0.9948070989630529,-1.751756187591338,1.4158333154539073,4461.2167482213445,2865.595360486334,1.00170718160266,0.014879238880483344,0.011057911818035629
v_1|pid_offset[73],0.042727996477423875,0.9862126680220124,-1.5465244670568414,1.5819150114074922,4115.780752630788,2793.238437880116,1.001280130411135,0.015377966571337335,0.010802431825053825
v_1|pid_offset[74],-0.05475396193240866,1.0009072088914839,-1.6894975235144212,1.4946248492910497,3669.1588997021195,2366.721991774361,1.0015395303563481,0.016646459876305305,0.011862580418108377
v_1|pid_offset[75],-0.08724801376986759,0.9831729868624891,-1.6244721038578014,1.4728709908416957,5388.834852020164,3021.4485468752373,1.0025665630326412,0.013417616796555842,0.0090093058338006
v_1|pid_offset[76],0.21615545910165904,0.9985451271208377,-1.3870068459360667,1.79120849155225,4050.986505425705,3106.804606724874,1.0027354237956072,0.015684901110478214,0.011027941144056098
v_1|pid_offset[77],-0.08058864072036055,0.9819874854681463,-1.6793089510657422,1.4631410689000133,4926.08506288259,3409.4122799580286,1.0016741413436,0.013985362657968113,0.009734547183592786
v_1|pid_offset[78],-0.032168684322202795,0.9827798754861518,-1.5508120332970243,1.5382104349666534,4371.493328493241,2798.725628390241,1.0013544814772684,0.014966491091140259,0.010321369568934938
v_1|pid_offset[79],0.047797483024827156,0.9855472863156346,-1.5337828473205926,1.59668352084337,4876.117904276337,2903.09927714252,0.9999952449414121,0.014100920489822002,0.01017003664620905
v_1|pid_offset[8],0.013259791847401416,0.9797691658994722,-1.5726550440045448,1.5943510695046645,5011.37440347434,2861.7473004400226,1.0001626863445359,0.013892894671544254,0.009937580197747016
v_1|pid_offset[80],0.1208772903230219,0.9816996239431341,-1.4448909918256962,1.6572214533034761,3933.1992984829994,2869.5564282120863,1.0003548810821064,0.01563711598819012,0.011126713348750058
v_1|pid_offset[81],-0.16481387223284608,0.9900157109917925,-1.7596770222233598,1.4100768988455192,4879.371399839296,3044.567914085061,1.00043471382107,0.014190092107454746,0.010056478185591713
v_1|pid_offset[82],0.02813111941764899,0.9907041087806449,-1.5786795284085469,1.5781540073830675,4556.670711334578,3059.2429255519514,1.0002243489055003,0.014701954610689674,0.010310835292292863
v_1|pid_offset[83],-0.14047914001880657,0.9983483193776135,-1.7148874114469002,1.4539117777518042,4600.860257872128,2760.8570606441435,1.0018169115899866,0.014704706471680736,0.010680819669178594
v_1|pid_offset[84],-0.03648144759719103,1.0107569738684132,-1.6474624476395343,1.569209659726523,4289.54326951593,2937.6241385052854,1.0009256006689005,0.015444083242736314,0.010616415549580382
v_1|pid_offset[85],0.06190364369138459,0.986203356122549,-1.4978690622300257,1.6580330220163786,3945.1761727811236,2845.0865379037955,1.0003092994189462,0.015714639031681594,0.010516803403629003
v_1|pid_offset[86],0.2896877123828673,1.0560728096715652,-1.4103273445295346,1.999556470556064,4180.3459362881495,2802.8747741364655,0.9995265898287369,0.01637792080016767,0.011552549729958166
v_1|pid_offset[87],-0.10480043032832564,0.9737412275123744,-1.6370105226187572,1.4912917259142089,5032.651629163522,3029.319628402298,1.0012922113871574,0.01373154094004216,0.010032529748879814
v_1|pid_offset[88],0.16202756807577157,0.9876655850963303,-1.4237757463957288,1.686637900068537,3769.2152244526565,2941.27042177737,0.999973102846287,0.01607824369882985,0.011049964609428468
v_1|pid_offset[89],0.0018234643506784536,0.9597140668742588,-1.5177920898524513,1.542963167951885,5241.807288984667,3243.995186049778,1.0012989281337046,0.013264368980539547,0.009181920484831923
v_1|pid_offset[9],-0.07462979335641791,0.9856353627234572,-1.623961451715486,1.4680648721893514,4713.646548658095,2539.5316809711253,0.9998400043498192,0.014426256104604119,0.01030057921708587
v_1|pid_offset[90],-0.01764161391761659,0.9864880301689536,-1.5962336222804225,1.5823720663093184,4510.804765814808,3051.510801112863,1.0020750569780594,0.014693850058609653,0.010433640394234257
v_1|pid_offset[91],0.10826276129653599,0.9895384622297081,-1.4425752162600056,1.671156790678726,4746.35946399653,3233.604161497224,0.9996614325178318,0.014380393623179524,0.010236170034596032
v_1|pid_offset[92],0.040643595441087046,0.9605182980854494,-1.5058163584543538,1.563503747600409,4467.9407420235875,3022.563256446036,1.0009002103442965,0.014372360013344685,0.010081773451719756
v_1|pid_offset[93],0.023894784636065484,0.9698607517550756,-1.4977719976789028,1.58655988564237,4207.4540636540305,2744.8850664933234,1.0031645252457613,0.015017395530199948,0.010709823137965114
v_1|pid_offset[94],0.19518871951393754,0.9949410957230438,-1.42064978154665,1.7654611471379615,4818.366656573508,2796.584569450674,1.0008225239011435,0.014312959887462546,0.010135034511345165
v_1|pid_offset[95],-0.0842688669017587,0.9781007446975397,-1.6172674169663457,1.4977166778308397,3677.530235404129,2551.6115681078345,1.0002921800678741,0.01614768538882852,0.01145606281291413
v_1|pid_offset[96],0.11893776734306608,0.9803471869656238,-1.3910369970873226,1.6506226694519774,4681.852080020687,3028.8874019131904,0.9999155299992551,0.014356074576960426,0.010473733854031192
v_1|pid_offset[97],-0.10863011079753858,0.9790570002292963,-1.6778985976793823,1.4394117740729495,4803.359646915233,3047.58851595607,1.0003418318850066,0.014122546281351884,0.010052375265246896
v_1|pid_offset[98],-0.12174438711702291,0.9983161671795437,-1.7383598046599833,1.492151476565318,4352.617557579624,3177.0359081428196,1.0002870866177052,0.01514999768429169,0.010740090059940869
v_1|pid_offset[99],-0.21201160014372694,0.9908999036817194,-1.7451629826482173,1.3752163729951867,3851.560452708414,2958.665510155414,1.0024408343258768,0.01597376937432363,0.011286440328423636
v_1|pid_mu,1.9681063822964677,2.9561721184139493,-2.834648111428538,6.5463621760970145,4492.815369902777,3101.664260228607,1.0008534777132772,0.044046375415935896,0.03156203485407481
z,0.5644275570050006,0.009748542087060191,0.5489028562115513,0.5796316488626292,3005.677016140316,2925.29190614396,1.0009368951040785,0.00017798639506795924,0.000126717370688001
t,0.0020447149547007447,0.0010089378519487157,0.0010691863685577594,0.003938813499653202,2993.778548969825,1853.4407373011402,1.0015803556321194,1.420912797550671e-05,1.899847102984379e-05
v_1|pid[0],-0.0013538505131802973,0.06257500128916481,-0.09875067139798037,0.09037705709419667,3644.5267411478562,2881.4799438092696,1.0032678774994257,0.0010853236355178211,0.0014380481218480025
v_1|pid[1],-0.010009970558401417,0.06370878541343937,-0.11703427820389532,0.08284458626461824,4091.033482907238,2348.7166315003055,1.0025590729825835,0.0010472539746072178,0.0012510652989031754
v_1|pid[10],0.0026059479025451024,0.06419221701572514,-0.0958021787883265,0.10185020215808162,4445.904367872788,2771.646765126584,1.0032597607004559,0.0010101709313955927,0.0012817315747835527
v_1|pid[100],0.01811322970499179,0.06713457625747914,-0.06827462862550113,0.1377929008548397,3453.3996527101835,2431.924749359422,1.00144294552819,0.0012504582113555345,0.001644175588260972
v_1|pid[101],-0.0037639448690608523,0.060363084056106776,-0.09894505801653228,0.08501020797471213,3746.235422543468,2749.7496004683203,1.0024227180786018,0.0010557514172778784,0.0013962208414720078
v_1|pid[102],0.028677223841825947,0.07488288069878725,-0.056222076752616326,0.16492216256382425,2529.988940826641,2106.00236698719,1.0028942399161336,0.001688229533362245,0.002615730516200928
v_1|pid[103],-0.022431564511501776,0.0708283990789539,-0.14916392170044207,0.06455289214003436,2474.8515368521216,2185.047409053991,1.0015311548914156,0.001595610692875537,0.002226032784800048
v_1|pid[104],-0.0020771033817460803,0.06088177120252943,-0.10312286561637089,0.08977101943602378,4370.681039006596,2865.773992424205,1.0026053265019195,0.0009322731511336427,0.0011017772549741765
v_1|pid[105],0.007543009778202551,0.06509164013854082,-0.08303746580961097,0.11462081443599748,3729.781052863834,2721.9753799767886,1.0027712602508276,0.0011226439524854653,0.001743315261488074
v_1|pid[106],0.009027903578157125,0.06350999466685743,-0.08150218869945196,0.11770099702278806,3716.369185586501,2536.9479823096644,1.0020822658954194,0.0011080530383897026,0.0013385163287072126
v_1|pid[107],0.009555176253126057,0.06598710688384705,-0.08344618313651059,0.11544837090944822,3374.5720293227423,2667.43913285728,1.002668530313815,0.0011671220433756735,0.0015342306478747503
v_1|pid[108],-0.012486796646142013,0.06402705027303561,-0.12362919391397695,0.07380207357374978,3794.8612308307265,2422.8982197168493,1.002552404161189,0.001080319259046219,0.001421818595444996
v_1|pid[109],-0.0024377675235644413,0.06421163794745084,-0.10577209061560003,0.09310060621039111,3728.482469977147,2513.0925173199034,1.0036349176894777,0.0011041306740989705,0.0014258505265840509
v_1|pid[11],0.02751246019949685,0.07130618509347544,-0.055092572538681356,0.16134512888732708,2676.5536217496574,2194.1896067190182,1.0009196897993002,0.0015331860019718781,0.0020049663831293602
v_1|pid[110],-0.0043584092542054715,0.06221911258262662,-0.1047762539090689,0.08713739310447378,4189.6639687356865,2708.782054657593,1.0013941842358822,0.0009749142896091616,0.0013881287528697377
v_1|pid[111],0.006287086473297057,0.06422226709921582,-0.08797150938350655,0.1081822915162137,3762.2984531834995,2563.4266493090336,1.0029330123318965,0.0010603891320471839,0.001476716107503677
v_1|pid[112],0.00781944832322436,0.06380624818127296,-0.08516645414394738,0.11044466879447762,3956.653375707099,2479.8804335900886,1.0016564505945047,0.0010646496037377616,0.001396026819165336
v_1|pid[113],-0.004467407666393459,0.06424455500381478,-0.10992881759865927,0.08943782424637821,4505.820294599233,2698.921929073428,1.0037056808558271,0.0010284482676866872,0.0013160823031871135
v_1|pid[114],-0.010194886810457306,0.06367630772751151,-0.11970096766874273,0.07950679362097939,3363.2292777853695,2267.7592360283033,1.004128319644965,0.00115310890246663,0.0013866700762374322
v_1|pid[115],-0.007637752709881809,0.06207642093286999,-0.10420007583067552,0.07967717836836126,4045.602418964397,2506.6165246438463,1.005048225337405,0.0010219794597544217,0.0014148101430151935
v_1|pid[116],0.014328281877886585,0.06495941142710054,-0.06922236086321465,0.13003567033037264,3278.2590203404475,2092.0560235298904,1.0018787916014273,0.0013008270650374434,0.0018372103940714148
v_1|pid[117],-0.016497864664598565,0.06477307019736692,-0.13112899240278733,0.06843032759044172,4114.322643370549,2601.9952407210517,1.001580351519655,0.0011174459540520664,0.0014777432911270416
v_1|pid[118],-0.017076677203683024,0.07063765478695572,-0.13670927920370168,0.07454133664060728,3349.61613765747,2292.0628699782355,1.0013979134217976,0.0013171658477714118,0.0017639619169571381
v_1|pid[119],-0.004280393814808581,0.06274715999572311,-0.10874705776557597,0.09272198351187624,4531.169350885739,2357.2653742246903,1.003503926459243,0.0009522860851012302,0.0011221968983985812
v_1|pid[12],-0.011274253964867207,0.06322618062276611,-0.11621622065009991,0.07494102951798914,3785.808432915912,2327.8036479596235,1.0035008517434505,0.0011142691776166163,0.0015618507567992375
v_1|pid[120],0.0009620332922219625,0.06204235369065311,-0.09774366392485881,0.10130938669063863,4448.09167103128,2593.5741316030985,1.0022346881358373,0.0009681461114786712,0.0011964878384031648
v_1|pid[121],-0.009966724795306628,0.06529928915675423,-0.12078157169463637,0.07925711375117452,3452.0912206898215,2294.4089519862996,1.0023185889261812,0.0012338182061702786,0.0016667551704812387
v_1|pid[122],-0.00474581321854675,0.061776274564935944,-0.10389659530697665,0.08520833173043252,4487.768366656176,2662.640952829497,1.00473202731646,0.0009516463805907334,0.0011849694371305031
v_1|pid[123],-0.014914434285075714,0.06972526508904882,-0.12670061338005723,0.07213797870969604,2679.750279750927,2203.4261555340045,1.0025659297699208,0.001526773401592278,0.002422907312681688
v_1|pid[124],-0.001495557609363699,0.06241975544996859,-0.10094891168445459,0.09560288941395538,4201.392422322815,2947.844410404206,1.0011587072441372,0.0010128404815045952,0.001313895692200707
v_1|pid[125],0.008643051747970771,0.06126201947690995,-0.07930029003918254,0.10638774122778663,3688.3841444660493,2393.9958017900667,1.0026737339868563,0.0010787998691948002,0.0013932002476781035
v_1|pid[126],-0.007283194993568391,0.06179629966329195,-0.11116018186750896,0.08181892930800085,3907.552190177473,2546.1168531787634,1.0057333689718186,0.001040691412464823,0.0013858663442821537
v_1|pid[127],0.00355113291689042,0.06470559730145242,-0.08933428774504211,0.10578307216188475,4348.187539091816,2782.0440932349593,1.0028350055772006,0.0010322292866931976,0.0014270929045524477
v_1|pid[128],0.009294389758349482,0.06475278209439307,-0.08168187551554142,0.11581103252054827,3986.6678717901304,2744.8989672035073,1.0022664547338966,0.0010723460205564084,0.0014471125310399784
v_1|pid[129],-0.01720705945528679,0.07121067593684396,-0.13980933720061234,0.06945036159198939,3577.3554553441563,2100.7882905642873,1.0025557182450533,0.0014296862041693944,0.0021682153262909446
v_1|pid[13],0.01895241812262735,0.07162588061268421,-0.07120911423048103,0.1396663080408856,3271.9646529786246,2254.920347165148,1.0023671361932283,0.0014818332514656724,0.002684890585932747
v_1|pid[130],-0.0031477197457718937,0.06766724211536555,-0.10246216737810657,0.09614507477056133,3880.2675561489755,2553.4200947999793,1.003496284611531,0.0012437150361250466,0.0018574087000881143
v_1|pid[131],-0.003787302540071949,0.0635779179512463,-0.10374841745872972,0.09207988915008176,3080.066419105195,2330.3724319861603,1.0032947783872805,0.0012035727243706689,0.0016008166575839583
v_1|pid[132],0.00039453030187273973,0.06357679670849915,-0.09844545751555023,0.09847626406208143,4293.548674389796,2441.1398337687074,1.0058957624752531,0.0010023891755143255,0.001232260091893318
v_1|pid[133],-0.01471072192849995,0.06780160484937713,-0.12856140755594223,0.07404941084997506,3518.4521780940495,2102.9496586099644,1.0026120256661821,0.001217672060894025,0.0018253870440354538
v_1|pid[134],0.024180951840775244,0.07075271223651704,-0.05994740689095288,0.15736931651118308,2972.733494947462,2354.1745455534815,1.0022622004399984,0.001467497221448081,0.0019577452574178846
v_1|pid[135],-0.009580551610354999,0.0625282313378727,-0.11901991715449185,0.08017661579914621,4374.6447581548055,2976.642246275374,1.00425611100073,0.0009774234543591836,0.00113882714059983
v_1|pid[136],0.008169013166276877,0.0652993766453244,-0.08279791364833734,0.11431883421248196,3391.527346914159,2443.8961229932825,1.0040383125860604,0.001248208114080295,0.0018033184499045675
v_1|pid[137],0.0017433029580268158,0.06254603913004704,-0.09302533470375585,0.10062941308300254,4687.2353915210415,2662.4084415554894,1.0031434318035057,0.0009342779886304833,0.0012640440785054237
v_1|pid[138],-0.0026186785798299446,0.06480321236380582,-0.10645864491699046,0.09647167051346096,4119.546581529127,2572.030572773197,1.0032589387545754,0.0010559454651275335,0.0013149321732025768
v_1|pid[139],-0.008271756925668537,0.06228083243066519,-0.11041804745106523,0.08259920322190323,4220.195261917049,2758.4307148426196,1.001850949362463,0.0010226978372571377,0.0013224147278996339
v_1|pid[14],-0.0059250130638180834,0.06594188392896354,-0.10792163954684857,0.09048660610796698,3128.846617619793,2345.7043831307665,1.0028792890426192,0.0012907519171484955,0.0019639198787434037
v_1|pid[140],-0.013998508647813832,0.06995986285334688,-0.13036189110946989,0.07586352771249989,3249.3100845374597,2214.3013528963183,1.0019067963178077,0.0013466959353335404,0.0020415097755759584
v_1|pid[141],-0.0011474644432229175,0.0635067772586131,-0.10244298987918478,0.09595465059693026,4005.618607722192,2697.3130088916696,1.0016215589646407,0.001062918272072104,0.001335549459515543
v_1|pid[142],-0.0056620428762198735,0.06205059277318586,-0.10822716578162321,0.08789962931031785,4241.012548031823,2786.8404524917714,1.0008415716438408,0.0009491605595954913,0.0011593294817596686
v_1|pid[143],-0.00464834981778692,0.0679222867000668,-0.11045705938143817,0.09519137063783087,4046.1609647357764,2305.9187557583186,1.0036921231959302,0.0011217388218455922,0.001640569904317858
v_1|pid[144],-0.010319054902210141,0.06907864378177903,-0.1281423785365792,0.08522141333984902,4141.0854177727,2396.612066231335,1.0005581052506893,0.0012031837295351543,0.0016309315843786184
v_1|pid[145],-0.017649832342416884,0.07071664981621265,-0.14011425450780127,0.06945275360805317,3035.125114174105,1950.4244934496899,1.0019921506290477,0.001554818961166021,0.0023862046557526742
v_1|pid[146],-0.010668772424213997,0.06638552839825762,-0.12091510193242858,0.08118103812147225,3049.1455355090275,2084.329079100432,1.0021609292755544,0.0012935167382868264,0.0017996372459770607
v_1|pid[147],0.0009343817775536206,0.06042758285011513,-0.09380198193794438,0.09309185155624314,4445.854888543584,2761.422022242987,1.002474895829731,0.0009191384861337428,0.0012034432607979288
v_1|pid[148],0.004636078782313907,0.0645744117439575,-0.09199094632033818,0.10987772926828895,4094.71305084682,2567.116623632137,1.004043998539769,0.0010197599460110157,0.0012396177303030693
v_1|pid[149],-0.018084987145016752,0.06719184125780796,-0.1329516292320099,0.0676673646835641,3359.2113574181576,2242.1516708957915,1.0035773179020964,0.0013389738574704534,0.0017861406567385289
v_1|pid[15],-0.004364269551107522,0.060047903819730984,-0.1009145783412541,0.08463120208447564,3746.512383989722,2792.4418876217783,1.0029205661760494,0.0010042056292081582,0.0012828500825036561
v_1|pid[150],0.004206620486387197,0.06391766087218005,-0.09093067719567105,0.10522796369034695,3832.015794941124,2689.9405540269986,1.005589590112083,0.0010826316056183891,0.0014224804354786126
v_1|pid[151],0.009072790288934039,0.06646068951101408,-0.08197408017240775,0.11776642486164497,3916.952318650063,2769.7392347179457,1.0023917579951198,0.0011249771817687258,0.0015733814002918637
v_1|pid[152],0.008087847894489882,0.06483421659920321,-0.0857153687732237,0.11754020949752005,4102.820212681443,2505.8262031390955,1.0062894433354528,0.0010544256746107417,0.0013377348918732657
v_1|pid[153],0.0008635169339281543,0.06157548128056994,-0.09373932088427704,0.0947380696925593,3810.8716314436065,2732.116034045411,1.0014472358709052,0.0010514924770454708,0.0012943892279784512
v_1|pid[154],-0.02127999906166716,0.06963059690522941,-0.14360124188328835,0.06477976853168484,3149.7971697903395,2227.1197257413082,1.0008316553119894,0.0014161203040342115,0.0020146986028428933
v_1|pid[155],0.0028456073752533453,0.06225410442263373,-0.09529919143735059,0.10481491302822389,4671.646438184948,2890.6642430831694,1.0035433107543028,0.0009295227116912817,0.0010575296090142888
v_1|pid[156],0.014903193654061843,0.06828453704660883,-0.07549107759153359,0.1337967886809986,3314.178147395711,2089.238498341308,1.0020126682918777,0.0013488373256530291,0.001770490131955155
v_1|pid[157],-0.00350541475013453,0.06382717230075048,-0.10703879575690343,0.09162478458181617,3650.535627966954,2625.027796913289,1.0045804688356743,0.0011094426427267728,0.001452175413110939
v_1|pid[158],0.008802365499681549,0.06612452516561639,-0.08505696900392369,0.11493494856007078,4358.82118743145,2515.714635457631,1.003726816063998,0.0010645382551274418,0.0014573970043489128
v_1|pid[159],-0.01788924444287884,0.06894167997149257,-0.13518084309918516,0.07016202569862486,4054.5437755950725,2498.5083916799886,1.005234781658426,0.00129876718631849,0.0019299769218598562
v_1|pid[16],-0.0175850427491164,0.06412625217715748,-0.12967448445328741,0.06551444158445702,2995.22422019093,2334.7332540090592,1.0014824478709734,0.0012570393297133514,0.001816960703842454
v_1|pid[160],-0.004877198152806992,0.06420612987750642,-0.1082845108240627,0.08948329189079242,3817.7133064438017,2605.9149379276014,1.0023644511869756,0.001075705409863156,0.0014593314653184631
v_1|pid[161],0.010568671788265512,0.06868626576799178,-0.08379463987862394,0.12497309923196397,3757.8869327850084,2125.113624601771,1.0046609801852757,0.0012260921172772181,0.0016736195395185944
v_1|pid[162],0.009670876658038003,0.06267300053182735,-0.07933233483227023,0.11763725474441467,3976.056088916777,2564.62476093502,1.0033507608314896,0.0010489030711385175,0.0012219568127574206
v_1|pid[163],0.011161506517412528,0.06347744287632465,-0.07117237851575431,0.11279058056806075,3738.8038524213443,2567.055027548764,1.0047544842847946,0.0010932007828531993,0.0019266517438860998
v_1|pid[164],-0.0008452289452472354,0.06210884074761926,-0.09200285471510491,0.09171071422000567,4530.011649794704,2941.7051088799963,1.002691759308221,0.000945679731008619,0.001347602202891025
v_1|pid[165],-0.01177536833112503,0.06372271827038758,-0.11912076368964788,0.0784841166921326,3994.1096415005923,2681.494019039686,1.0030264964633229,0.0010645410904953087,0.0012910119537592997
v_1|pid[166],-0.005504841811130699,0.0640936864783591,-0.1121316091022534,0.08901316923238303,4151.254009287876,2453.6120199215593,1.0046806863168694,0.0010618833991258585,0.0013353957636963695
v_1|pid[167],-0.008696970475176778,0.06275582991062564,-0.10966942595634753,0.08065113274521515,4129.819996088326,2667.460583077003,1.0045812092400697,0.001028012690344955,0.0013749716010348833
v_1|pid[168],-0.011014755092266893,0.0660268892261832,-0.11692053071051474,0.08081912956516754,3159.960442601687,2100.0359432281775,1.002294439997268,0.0012696126751865922,0.001732890796387907
v_1|pid[169],0.004024363381338164,0.06387574680780878,-0.08923815792078052,0.10541287252799388,4658.069098684197,2588.3559383958236,1.001844253819716,0.0009637296019459295,0.0013340497535880773
v_1|pid[17],-0.013964898881541912,0.06813385253276168,-0.13019679285372457,0.07477220459694799,4080.11268220799,2573.8024596899986,1.0064797018847451,0.0011691327494812761,0.0015759172496653622
v_1|pid[170],-0.01083872057600196,0.06500287398697714,-0.12006985657399084,0.07638962341724202,3592.9087640387042,2314.9483649871463,1.0032373891697595,0.001160599816974411,0.0014126805452663535
v_1|pid[171],-0.0033559419216598585,0.05820591128112018,-0.09792046027175559,0.0878584272791247,4047.4907461036373,2921.869101602002,1.0042503516472825,0.0009262699054761086,0.0010784672518972533
v_1|pid[172],0.004154557197078991,0.06183285932845618,-0.08763976033696713,0.0996373761110337,3767.550112098001,2936.7021212967106,1.0043905886752775,0.0010139273781256824,0.0013091298448998066
v_1|pid[173],0.008932493451812195,0.06475421875596987,-0.08314149411965362,0.11378277739531341,3779.9159105234976,2395.0019496397226,1.0019530516267785,0.0010739161015700719,0.001471409756794385
v_1|pid[174],-0.002021328219559029,0.06036603849347452,-0.09159732145213449,0.09061261116646638,3919.9753945017587,2565.2113942077654,1.0039029200251899,0.0010357726971802986,0.0013405491241695784
v_1|pid[175],-0.013235646779022371,0.06508245864005333,-0.1178141005382792,0.07146786044062114,3226.545994784872,2213.919387173954,1.0019043643889674,0.0013127620286202087,0.0018245552821024018
v_1|pid[176],0.012192945626020222,0.0669566406917179,-0.07643898140522465,0.12795905808043584,3717.815791089798,2328.978644311863,1.004509872150802,0.001152044536466918,0.001499015066687044
v_1|pid[177],-0.009895645832260722,0.06439582185892852,-0.12313116951333364,0.08056051641967389,3783.8427977319093,2561.3185779753453,1.0027209565658333,0.0011046713461682347,0.0013422644222274573
v_1|pid[178],-0.014964064024280204,0.06543045067946511,-0.129149536590554,0.07343769079870999,4068.230659781525,2391.775210230937,1.0043706566457766,0.0011036424587692638,0.0013312568230523672
v_1|pid[179],-0.01105497377736092,0.06662647995618239,-0.12053337959043603,0.0772443008128679,3785.494569107874,2652.981049171474,1.0036794915873595,0.001140818714561272,0.0017166574919096737
v_1|pid[18],0.008464542774819079,0.06692565091196027,-0.08726127611224782,0.11993451509429927,3926.609323393139,2639.7639208262217,1.0040122657223483,0.0011352491050129463,0.0014790384408183436
v_1|pid[180],0.015869589426947012,0.06904562197152042,-0.07403565471334368,0.1355719426373728,3044.3140726647143,2019.3860389816384,1.0035478377716478,0.0013474799503253086,0.0018003546637895137
v_1|pid[181],-0.0007314972840284688,0.06443610863560553,-0.10017667502066152,0.09746238669176943,4754.800241659197,2612.347800297615,1.0006167063400564,0.0009939732590770597,0.0013747428405501275
v_1|pid[182],-0.0022662616388400042,0.06229617869206906,-0.10494914396441757,0.09317736440523386,4148.370108555879,2736.2233695170166,1.0031416400065278,0.0009984290986372894,0.0011863763278178615
v_1|pid[183],0.014970043232830587,0.06977753174647358,-0.07932431016092063,0.13410635587550787,3324.6974095682413,2245.772352907595,1.0037416346696815,0.0013174725725380663,0.0019466775951811342
v_1|pid[184],0.006781209658524167,0.06422337955550761,-0.08541113839961317,0.11449285906181533,3224.7946319794323,2229.4535394245268,1.004714362758472,0.0012086693399709983,0.001515268936195966
v_1|pid[185],0.0061652688180974646,0.06415526182977042,-0.0857885648314022,0.11435395227207382,3796.37371243089,2316.7084221143064,1.0027822983836117,0.001117403733640804,0.0013722546678510256
v_1|pid[186],-0.002712079671520767,0.061023249865575134,-0.09784997542092873,0.08642480884497902,4712.123293844138,2772.898775672924,1.0049194925980547,0.0009200008413785807,0.0011988055250603139
v_1|pid[187],-0.010480464627478023,0.061774226377619555,-0.1120647727268297,0.07407807234420166,3949.730488879978,2755.557796971062,1.0014721656900356,0.001002636420390043,0.0013093556502816119
v_1|pid[188],-0.004278237169761266,0.062231229960186304,-0.10445293172308215,0.08764530657402822,3764.819646431724,2536.74111975522,1.0042345364123586,0.0010877526779422984,0.0013554028375568786
v_1|pid[189],-0.011168958613580275,0.06603492369170981,-0.12040508532574329,0.07990889405656179,3354.0491930990224,2576.924165448333,1.0026544922728244,0.0012239417179634295,0.001646364089339385
v_1|pid[19],0.001370170262068115,0.06077767524528446,-0.09146678064029261,0.09511568894192894,4385.583978956363,2869.1450757435873,1.0031837716515828,0.0009462928967949744,0.0012210542349683122
v_1|pid[190],-0.0003834663925075658,0.06350336334036086,-0.09970543581268175,0.09506340014974896,4659.271651483215,2796.012179624345,1.0023623114017735,0.0009893357760609066,0.001207825142445663
v_1|pid[191],-0.001876471836523283,0.06512501084967032,-0.1024910803378993,0.09323381666322321,3840.404292525458,2706.3999200631392,1.0027706995285846,0.0011396496575882653,0.001604126884398291
v_1|pid[192],-0.011250629960680712,0.06732599286528512,-0.12318797563981608,0.0772094418099256,3781.113705762112,2413.5598519776086,1.0043896570659583,0.0011911035451337695,0.001749856881989752
v_1|pid[193],0.017730154001315515,0.06724035496170483,-0.07053000198505528,0.14178673205576908,3457.404842918287,2322.1947778747676,1.0052456698075767,0.001321978336530979,0.0018583144795155046
v_1|pid[194],-8.419283687948673e-05,0.05977006034643268,-0.0932634897042825,0.09445862714828376,4224.563096435886,2685.355787775071,1.0021466234143697,0.0009453044160241759,0.0012701621569130674
v_1|pid[195],-0.005213027065006561,0.06262380181348953,-0.10888632793849903,0.08565462747989253,4259.2889305292865,2405.550996978618,1.0042587277406922,0.0010001090222048878,0.0011937988938855756
v_1|pid[196],-0.0036589808472100235,0.06290482542675677,-0.10748024651716949,0.08823622741419103,4131.804854743919,2480.314830532456,1.0020041151030066,0.0010125237423357525,0.0012608186388203143
v_1|pid[197],0.006042512968598485,0.06453592918713887,-0.0888682056586073,0.11175930659392593,3839.3595853641245,2702.439169468564,1.0052287453634743,0.001105255299280374,0.0014735243133486044
v_1|pid[198],-0.00528269818844694,0.06615314181223167,-0.11138855578423829,0.08923825382950297,3822.7958916279754,2561.7813813983985,1.0010823618261944,0.0011094146031532747,0.00157767495034041
v_1|pid[199],-0.011308105267170998,0.06309962366466434,-0.1214754520164372,0.07481171498872859,4456.421634191615,2688.7678345732324,1.002172407915404,0.0009931271537124613,0.0011901049457870459
v_1|pid[2],-0.007817239819181537,0.06276008178499652,-0.11231819159092335,0.08453359438578681,4121.017633809315,2663.1339314604365,1.004612885169214,0.0010112591403123596,0.001350535559925893
v_1|pid[20],-0.015121273469009214,0.06502133666750323,-0.13016677869817622,0.0703584218627359,3154.141203914198,2659.0757291033756,1.0015690610922514,0.001207387983600415,0.0015932205607076867
v_1|pid[21],-0.015703468512222665,0.06403748901036681,-0.1313274093896311,0.06982433049891817,3218.9269044355724,2385.0506951558177,1.0034316352042805,0.0012163515153037,0.0014933382721663735
v_1|pid[22],-0.005061282449438801,0.06226253950911198,-0.10512010011244444,0.08822464202883021,4776.049715586272,2667.0116559556905,1.0023915863850603,0.0009412786503304971,0.0011803663140699584
v_1|pid[23],0.0149772132379197,0.06558969813854001,-0.07254291752989656,0.13148774495747886,4232.042464510911,2283.1281675318664,1.0016987576531593,0.001146495650671165,0.0014769887907958353
v_1|pid[24],0.01160100118382061,0.06598745031001013,-0.07297214594893947,0.12218727505607924,3180.152405737036,2334.1852390155914,1.0040896052945343,0.0012727446135400273,0.0021069024727973437
v_1|pid[25],-0.011223308823549544,0.0634357214886567,-0.12259203056167453,0.07641272496201103,3868.3606575039935,2276.2999863655614,1.0016317932457435,0.001104176616101844,0.0013928410160542104
v_1|pid[26],0.0036367364873327334,0.0609698839205066,-0.08874993001116896,0.09907139973063453,4122.593782154199,2726.5931093744925,1.0040867056868608,0.001049479049795658,0.0015080843068643204
v_1|pid[27],0.0032034610330945222,0.06284453338568477,-0.0875633755336839,0.10008690383646665,4276.229970969879,2541.913224476521,1.0037602732331496,0.0009999272024398774,0.0013295516059899462
v_1|pid[28],-0.008165698846188327,0.06461719351369846,-0.12057549065620532,0.0837670094579936,3406.342078481308,2394.92111065149,1.0034023226326192,0.0011591456431840838,0.001452189164063921
v_1|pid[29],-0.014604253071907254,0.06900883090910895,-0.13461623082855795,0.07525085131560452,4331.173984478086,1952.0543424145385,1.006177575666374,0.001204224234879051,0.001651832984740538
v_1|pid[3],-0.009276802796026818,0.0632844528055892,-0.11718227399120491,0.08462113225828471,4189.938914226158,2436.9910225000112,1.0024893141773454,0.001040350632551371,0.0013651132816547037
v_1|pid[30],0.0077033451759722935,0.06868306766814881,-0.09050614241243185,0.12172145649071246,4375.204650347827,2255.590949614391,1.0030851011723307,0.0011437297984423754,0.0016462423061877774
v_1|pid[31],-0.0011452299552471628,0.06452278894334357,-0.09894919105381583,0.09907709292595185,4333.362587085758,2615.484699968391,1.0023285864361422,0.0010135972981838003,0.0013501994335558501
v_1|pid[32],0.019802590222165583,0.07026970862307091,-0.06749292060708585,0.13889277265857503,2883.223134459786,2244.712519597471,1.0032860950519404,0.0013876419910009707,0.0020600804357464135
v_1|pid[33],-0.01321405300736644,0.06491033947400256,-0.12417354998098518,0.0725539239762441,3294.8840849540093,2127.144661663166,1.0037053582736912,0.0012282751747236904,0.0016651949324921424
v_1|pid[34],0.003048626707523454,0.06697377772054912,-0.09311394406729989,0.1052237959229986,3755.1032076744686,2664.9163491388563,1.0027903939638976,0.0011462351351460794,0.0017082161591969905
v_1|pid[35],-0.00378738127199552,0.062285302817735436,-0.10437370361939997,0.09028119136485507,4566.851545353823,2839.6908861616,1.0034797987286863,0.0009392589450160937,0.0011583694199490684
v_1|pid[36],-0.003587801137819731,0.06521385911192552,-0.10586469316042849,0.09323354607871585,4350.630729852963,2862.195974571845,1.0039609550264452,0.0010674930661450299,0.0014482556407492406
v_1|pid[37],0.00815256174523244,0.06585938106558707,-0.08539462274428487,0.11598659375133323,4256.724016689919,2460.436370327977,1.0010193769993334,0.0010499445373333186,0.0013510303203558285
v_1|pid[38],-0.006572163524674202,0.06567908007205346,-0.11346638883700469,0.08451522811466157,4429.869683317633,2253.1524248570354,1.002186044508915,0.0010436823362540626,0.0014748709323927425
v_1|pid[39],-0.004147630309443711,0.06771768976558198,-0.114081248810337,0.09526491411325101,4174.118098812596,2802.788650343301,1.0052289407431554,0.0011731567081953046,0.001552640789672362
v_1|pid[4],-0.016168742044044174,0.06950329105897388,-0.1397664268160945,0.07532196326147413,3155.573679360953,2206.8306227576936,1.0031486598052146,0.0013480601630794938,0.0017137013929479602
v_1|pid[40],0.023649100983821673,0.07308206659656429,-0.06653041619822174,0.15322527353538015,2865.8610465343954,2061.4619067897247,1.0024331257360972,0.0016427357725964419,0.0022724105897406403
v_1|pid[41],-0.0032687251084070335,0.06251059493476614,-0.10184304718119028,0.09179523908188866,4112.81912013365,2697.9186238518982,1.003460872416654,0.001002705240505349,0.0013948244076439098
v_1|pid[42],-0.009707992327405135,0.061488443384050205,-0.11658021351419408,0.07415031265960437,3488.177270185218,2263.847760573479,1.0021709835255153,0.0011635697059408057,0.0014973043189200948
v_1|pid[43],-0.008917630757317373,0.06336815738642398,-0.11811532656939303,0.08185378679653435,3835.5863408408695,2552.7153245540444,1.0031699654728776,0.0010670033000824233,0.0013553616813112832
v_1|pid[44],-0.004104648492032562,0.06151359017718488,-0.1058007373210941,0.08806901485647359,3323.682346332269,2659.0473310932252,1.0021415039662684,0.0010866005809930352,0.0013348343740749592
v_1|pid[45],0.02420878807443124,0.07314844960499543,-0.06128694480628823,0.15515381324381325,2568.903034601446,2160.9667312158053,1.0039131130044299,0.0015982500647856905,0.0023074491158911027
v_1|pid[46],-0.002406675490230427,0.0615116159542437,-0.1019406446480498,0.0933123186259535,4459.608714041343,2714.7272107550507,1.0015792477660475,0.0009172130939765392,0.0011036641794371325
v_1|pid[47],0.005263307386821948,0.06488999069387251,-0.08355959297743343,0.10931416977515061,3890.9179966655233,2633.555599960713,1.0044338504551564,0.0011194480134515158,0.0015410302820385259
v_1|pid[48],-0.0018172902917732948,0.060516975786518226,-0.09723968141598305,0.09266854367864895,4029.5551226592506,2607.9574865129416,1.0029417541684045,0.0009907493521707754,0.001224707936280446
v_1|pid[49],-0.009103396025584192,0.062326831609534804,-0.10973196928564193,0.07587085856018057,4131.493120969415,2342.0862337223853,1.002489447203264,0.0010684882874726024,0.0015161061368194507
v_1|pid[5],-0.011894050537869927,0.06507858162401316,-0.12453694149284154,0.07577253123036477,4046.278487007035,2723.594449882478,1.0025478807128136,0.0010333533036643381,0.0013325987116081862
v_1|pid[50],-0.00430824248524468,0.06469243978879652,-0.10712723132031435,0.09262794471304328,3837.8607056422406,2561.778662520079,1.0062832940277544,0.0010820168812548073,0.001386694797252361
v_1|pid[51],-0.017422373650803354,0.06728521248561306,-0.13216655044294687,0.06604374033074159,3886.635288804009,2533.632196360317,1.000790735381606,0.0011975045982279499,0.001767177337312999
v_1|pid[52],-0.010781062112645503,0.06447169384958985,-0.11808848513439271,0.07618516730570207,3630.7071349138364,2721.620948222326,1.005533496596943,0.0011016984972431088,0.0014720008220342536
v_1|pid[53],-0.006503406328597909,0.06539927634194234,-0.1144777863163229,0.08952441490235416,3781.163601194139,2642.251184142974,1.0038335269655383,0.0010873242705242737,0.0012707224081650252
v_1|pid[54],-0.015011531493345491,0.06720984215270115,-0.1334718039218623,0.07397364059558584,3388.763787923851,2227.758491753925,1.001942951195305,0.0012273794137216592,0.001530450182416263
v_1|pid[55],-0.0066456604289214525,0.06623420905217832,-0.10949562293327383,0.08667472953944716,3823.6845403321468,2526.5893235312237,1.0052039843774896,0.001199389768550121,0.0018536822524517964
v_1|pid[56],-0.014299706243365361,0.06542279648541915,-0.12785428623242714,0.07567711374051403,3389.2355785909854,2078.6168518186887,1.005024272227227,0.001221797012088155,0.0015566852136551601
v_1|pid[57],-0.0070270560825586225,0.06323257638624748,-0.1134263846116839,0.08591632527295949,3386.4694959094168,2258.2723234902824,1.0054107370417424,0.0011260185134397257,0.001356048422532447
v_1|pid[58],-0.0010697430408458713,0.06260053954214799,-0.10065217890658222,0.09683546773997262,4733.029276166362,2945.7145185427576,1.0019653929416148,0.0009326527306882694,0.0012392682812342503
v_1|pid[59],-0.0017852450810562585,0.05968927333629149,-0.09640157943442673,0.08893366379438829,3782.8913601923537,2633.5874251128084,1.0037134273797506,0.0009923285469886401,0.0011888442101016731
v_1|pid[6],-0.0026114084207159104,0.06196588947472198,-0.09871828100837987,0.08673419482434247,4163.643068695307,2709.9464929314004,1.002577237000351,0.0010085286086099442,0.0013261822920477364
v_1|pid[60],0.007350367711280615,0.06750091211969646,-0.09002403678237865,0.11878099961578795,4286.193539211101,2744.2260070253665,1.0031847449152524,0.001076428657575696,0.0014376361905829832
v_1|pid[61],-0.00608520481505132,0.06563465897843168,-0.11261730788714723,0.08837634762060262,3775.5744073615133,2492.101210445592,1.0019644232479012,0.0011150198067296612,0.001369390720619154
v_1|pid[62],-0.007549082436574064,0.06466203334337672,-0.116316239309816,0.0876560534239212,3967.590365242774,2838.651043778636,1.0040543040943524,0.0010790391184723296,0.0013356423852726017
v_1|pid[63],-0.009742794470736957,0.06285458211171073,-0.11852440073976539,0.0770843804432468,3681.4913249147376,2310.8014546100194,1.0018924878192919,0.0011039284077203242,0.0013671329926596366
v_1|pid[64],0.0037422576178416903,0.06005367930791527,-0.08845716430041188,0.09765940885557146,4330.467171383177,2720.6173114269786,1.0027884910652614,0.0009532243835572115,0.001239436591789152
v_1|pid[65],-0.004318790474984295,0.06684516686068702,-0.10988658886266653,0.09277627688708708,4558.441083617649,2508.5488183757407,1.0040533553328899,0.0010479169607335317,0.0014976231161450168
v_1|pid[66],-0.010252919034412418,0.0660542277503507,-0.1199084757957157,0.0827677773701347,5092.559452305715,3105.20614891666,1.0048403802618433,0.0009745541330933359,0.0013111220539660368
v_1|pid[67],-0.0042006396767261065,0.06528883052266803,-0.10421814117346427,0.0898877904249002,3488.880142834175,2806.9181880683486,1.001560477216266,0.0012357427623928018,0.001723852980911514
v_1|pid[68],-0.008847692971577305,0.06475338921755676,-0.11849987728815771,0.08128767288142234,3866.2025115472247,2489.647807098743,1.0021336553357305,0.0010831331660524517,0.001449588530208556
v_1|pid[69],0.014024881020503976,0.06933609949133047,-0.07886019752595708,0.12940415613387027,3496.5626653020627,2493.5413318627225,1.002688778177346,0.0013315218186623209,0.001984309902860785
v_1|pid[7],0.007021266367330006,0.06504938793458882,-0.08548029381361313,0.11019682414701285,4002.677727567303,2753.9962995560363,1.0036820563426034,0.0011278726210538343,0.0015625684009303578
v_1|pid[70],0.0043280922379415835,0.0631142179034699,-0.0859590848349432,0.1048635370996094,5041.0625818717135,3025.172255586464,1.0030449959886454,0.0009470323999307352,0.0012358815191909388
v_1|pid[71],-0.00844024930681852,0.06459875076827193,-0.11814091872330743,0.08314077445840867,4199.186148187991,2923.6982648815683,1.001927411727923,0.00105298936977955,0.001409450096858487
v_1|pid[72],-0.012658381682520257,0.06428527055040587,-0.11904033148559241,0.07674815989305295,3596.697520200172,2152.428893565777,1.0033663096167642,0.001153119865258802,0.001546922894563984
v_1|pid[73],0.004675713330543088,0.0647789635878207,-0.0887211672173732,0.10836948636602546,3609.1944017384217,2617.4649362970513,1.0018959972480783,0.0011645578931689304,0.0015652691450733992
v_1|pid[74],-0.004579065531594087,0.0658173595246428,-0.10856524289775969,0.08784477476376354,3574.192649243943,2539.51595589543,1.00175201650949,0.0012542576503527904,0.0017580234396901543
v_1|pid[75],-0.007317436879886447,0.06511155649678395,-0.11915134862038292,0.08850429899416018,3957.586602992455,2607.172192975025,1.00205854041305,0.0010987610388433972,0.0013671552447483493
v_1|pid[76],0.016560268564410983,0.07106987047213256,-0.0734394774458736,0.13446924060929727,3041.691246713366,2143.8346463914727,1.0037765087227866,0.0014724925195982487,0.002559090832269513
v_1|pid[77],-0.004892019410773214,0.06396119287742334,-0.10563192311501776,0.09203451911835807,4163.645780595982,2765.172934688637,1.0022064849593466,0.0010566778225420668,0.0013765757405611275
v_1|pid[78],-0.003089195208578636,0.06519840350226679,-0.10732317365253995,0.09066515309969517,3777.839030258655,2536.2778693583437,1.0036057492340207,0.0011248536897137033,0.0015636973188817727
v_1|pid[79],0.00566594625884016,0.06509874708358526,-0.08371640255902574,0.11108387847688464,4150.768191797495,2626.905608034879,1.00391582778647,0.001056306191331436,0.001384526696675167
v_1|pid[8],-0.0008221824777992368,0.06259166206936306,-0.09944198120791355,0.09627749197796505,4856.582727566618,2656.751440529946,1.0022396964863025,0.0009267592548933573,0.0011323551764217527
v_1|pid[80],0.009108119797848879,0.06542622321953137,-0.08047158417733759,0.12151503657185171,3381.6695013496674,2228.0842714822074,1.0032917382196493,0.0012113885798861667,0.0016680395391840777
v_1|pid[81],-0.013505073918894172,0.06630473714526466,-0.12108027218210084,0.07109639037900302,4302.4739115141265,2335.841664228702,1.0016712942257553,0.0011428572059809833,0.001627350176585214
v_1|pid[82],0.0020856816853469374,0.06494777002269098,-0.09637689247090302,0.10437464946909737,3871.1825738762573,2720.366404608206,1.0020519918074853,0.0010837487397426986,0.0014230068901911297
v_1|pid[83],-0.012464924584618885,0.06629550906861176,-0.12702236965882674,0.07595987657661711,3765.3845118386366,2018.5353439437167,1.0021989717049111,0.0012059633007478478,0.0016294805307246823
v_1|pid[84],-0.004098478144827868,0.06381276391652016,-0.10885580092988634,0.08983143843924657,3815.963689093275,2728.39660411685,1.0036204864581328,0.001083928206334655,0.001301195780339248
v_1|pid[85],0.0063188794966664704,0.06458732000172861,-0.08527354092294498,0.11685371011446005,3567.604267316928,2696.032607893782,1.0025682097522832,0.001174346400153151,0.0014863263158896086
v_1|pid[86],0.023809016266172534,0.07473414051261408,-0.06298992735780419,0.156715048015659,2892.665352328804,2069.1665049051726,1.0021569360701235,0.0016277731971757982,0.0024697279018784535
v_1|pid[87],-0.008517887365757324,0.06228499595971578,-0.11056334831099436,0.0795263222201619,4190.58783376475,2556.6863126943813,1.0027032826102678,0.0010185985409116715,0.0013171012560472515
v_1|pid[88],0.013046476889836213,0.06693042553678064,-0.08034875034801647,0.12296785256639611,3148.481506687419,2298.177853046168,1.0007553375498988,0.0012782040801411507,0.0018052455917236326
v_1|pid[89],-0.00016746571994592113,0.061457780555793075,-0.09302907436590772,0.09798340338459417,4774.483630013538,2696.911562032105,1.006028845202839,0.0009108104026607674,0.0011194615758349335
v_1|pid[9],-0.006347289335469705,0.06443671715792144,-0.11177495560291502,0.08840694133380302,3626.816720571698,2317.356199705026,1.0023344672904835,0.0011406460440375847,0.0014398024226200837
v_1|pid[90],-0.0015373955084985104,0.061923458459595765,-0.10228300309500418,0.09274994574561131,3845.374554593374,2970.088058424584,1.0038315114766947,0.001029996954249927,0.0012209980631907084
v_1|pid[91],0.008160768212168119,0.0662081625690348,-0.08492192962697985,0.11489882016349166,3916.9206475998562,2586.9716325684835,1.0015840523046846,0.0011053029873269846,0.0016454173285147054
v_1|pid[92],0.0036581145802603286,0.06218632765868133,-0.09062364213257011,0.10325419602355203,4129.022335876886,2563.1953653742394,1.0021771919780758,0.0010197338294511296,0.0013108829155941135
v_1|pid[93],0.0026783737930589596,0.06220077850687198,-0.08947034641360964,0.09884784430436194,3860.066450385268,2724.0859162947654,1.0039530840234878,0.00105397393511732,0.0013653088154517603
v_1|pid[94],0.014323707865241325,0.0664478080249863,-0.07678770392589844,0.12558050174155969,3773.7657735697194,2666.2514712863886,1.0025667424833593,0.0011453479177118268,0.0015754577026381256
v_1|pid[95],-0.005864273570953768,0.06116433532736649,-0.10510288098775122,0.08663104160277604,3272.836433933699,2488.70049870608,1.0040113391348875,0.001094648749925626,0.0012826332348490604
v_1|pid[96],0.009571704657425581,0.06427206938944388,-0.08287282392275772,0.1206270151643904,4195.706636134523,2484.2171455391585,1.0017939823205138,0.001039679540161582,0.0013254685833978752
v_1|pid[97],-0.007390904227558654,0.06176339149041307,-0.10982452339926635,0.08297315988509261,3994.040079244026,2512.676364073028,1.0039167937442888,0.0009871556498107549,0.0012235621173618395
v_1|pid[98],-0.009686722980981525,0.06391613320681265,-0.1169017296980181,0.07797426223053093,3472.5188568675567,2604.730289145433,1.002931199531023,0.0011253168264379954,0.0014281952945027372
v_1|pid[99],-0.01706941480128373,0.06692825288041665,-0.13719753310541707,0.06888456416254683,2955.218660111174,2125.614025868518,1.0014058677520716,0.0013432415599396576,0.0017531214458958381
v_C(alpha)[0.0],-0.7463610264895033,0.08893688644775698,-0.8910782226663432,-0.6089575981527497,4559.621724356139,3163.559619271196,1.0013087484307885,0.0013166304363773243,0.0009327620898024795
v_C(alpha)[0.25],-0.6355867674446376,0.07516129279967784,-0.7572036595621544,-0.5181586462385142,4876.571412334753,3387.1863866260546,1.0008873065705317,0.0010788083636927475,0.000770030307212801
v_C(alpha)[0.5],-0.4229789328569545,0.0696263349460747,-0.5349328177526306,-0.31229956191039876,3928.481097162745,2613.8570227154287,1.0027217666457149,0.0011100487444651282,0.0007888176255850197
v_C(alpha)[0.678],-0.41119983843649127,0.0610864099611496,-0.5077226189915587,-0.31488433749691286,4154.716029536956,2786.02416656778,1.0021662474621398,0.0009455491138119797,0.0006599014952515304
v_C(alpha)[1.0],-0.3114048986203923,0.05976264684103065,-0.4072740168576311,-0.21823369562729528,3832.076571886585,2800.170519188062,1.0028131862939884,0.000963229795739656,0.0006828872900091777
v_C(alpha)[1.693],-2.662359126340401,0.15103348662541577,-2.900999483262173,-2.4167356288800272,2917.2877095776657,2656.1775425101196,1.0022787664981132,0.0027989579931847215,0.0020994196092009626
v_1|pid_sigma,0.053167778347804326,0.0396632004667236,0.004528388869150062,0.1253378451313879,991.652620197362,1422.7332703000768,1.0067987789147264,0.0012412911787366364,0.0010622798012132222
a_C(alpha)[0.0],-0.18897089854542196,0.029209820095395987,-0.23549977871079056,-0.143150887367467,4082.680901374843,3159.8285677268,1.0015476831162267,0.0004578643710996561,0.0003248489896954086
a_C(alpha)[0.25],-0.04256150599149505,0.026184488767254294,-0.0846619119565305,-0.0006089810112899357,4870.405228665346,3103.9447478737106,1.0001636073637732,0.0003747129594254616,0.00026174462162003925
a_C(alpha)[0.5],0.0103708144447515,0.02519018307116075,-0.02876248118005613,0.05067569550067611,4278.675026365211,3139.0633770170307,1.0004850322920817,0.0003855622237603318,0.0002645370457571648
a_C(alpha)[0.678],0.12934091607696876,0.026601913264673326,0.08723540992002957,0.17210489120301892,4819.091664600729,2736.4742927979155,1.0004421523365314,0.0003827013822715259,0.00027019239519387913
a_C(alpha)[1.0],0.14000115575174926,0.024595886860569932,0.10078928353683628,0.17941333770346377,4446.668293243962,2960.1708254242244,1.000229682134032,0.00036912275999952544,0.0002570728947787917
a_C(alpha)[1.693],1.6584578879881477,0.05624039826952099,1.5662980086194693,1.7460648935535914,2717.880393922785,2705.816455016117,1.0010942096588666,0.001081858766311441,0.0008236386448907582
